Artist,Album,Year_of_Release,Song_Number,Song,Feature,Genre1,Genre2,Genre3,Platforms,Language,RM_Voice,RM_Write,RM_Compose,RM_Produce,SUGA_Voice,SUGA_Write,SUGA_Compose,SUGA_Produce,J-Hope_Voice,J-Hope_Write,J-Hope_Compose,J-Hope_Produce,Jin_Voice,Jin_Write,Jin_Compose,Jin_Produce,Jimin_Voice,Jimin_Write,Jimin_Compose,Jimin_Produce,V_Voice,V_Write,V_Compose,V_Produce,Jungkook_Voice,Jungkook_Write,Jungkook_Compose,Jungkook_Produce
BTS,2 Cool 4 Skool,2013,01,Intro: 2 Cool 4 Skool,DJ Friz,Hip-Hop,,,Spotify,KOR,1,0,0,0,0,0,0,0,0,0,0,0,0,0,0,0,0,0,0,0,0,0,0,0,0,0,0,0
BTS,2 Cool 4 Skool,2013,02,We Are Bulletproof Pt.2,,Hip-Hop,Trap,,Spotify,KOR,1,1,1,0,1,1,1,0,1,1,0,0,1,0,0,0,1,0,0,0,1,0,0,0,1,1,0,0
BTS,2 Cool 4 Skool,2013,03,Skit: Circle Room Talk,,Hip-Hop,,,Spotify,KOR,1,-1,-1,-1,1,-1,-1,-1,1,-1,-1,-1,1,-1,-1,-1,1,-1,-1,-1,1,-1,-1,-1,1,-1,-1,-1
BTS,2 Cool 4 Skool,2013,04,No More Dream,,Hip-Hop,Hardcore Hip-Hop,,Spotify,KOR,1,1,1,0,1,1,1,0,1,1,1,0,1,0,0,0,1,0,0,0,1,0,0,0,1,1,0,0
BTS,2 Cool 4 Skool,2013,05,Interlude,,Hip-Hop,,,Spotify,NONE,-1,-1,-1,-1,-1,-1,-1,-1,-1,-1,-1,-1,-1,-1,-1,-1,-1,-1,-1,-1,-1,-1,-1,-1,-1,-1,-1,-1
BTS,2 Cool 4 Skool,2013,06,Like,,R&B,,,Spotify,KOR,1,1,1,0,1,1,1,0,1,1,1,0,1,0,0,0,1,0,0,0,1,0,0,0,1,0,0,0
BTS,2 Cool 4 Skool,2013,07,Outro: Circle Room Cypher,,NONE,,,Spotify,KOR,1,1,0,0,1,1,0,0,1,1,0,0,1,1,0,0,1,1,0,0,1,1,0,0,1,1,0,0
BTS,2 Cool 4 Skool,2013,08,Skit: On the Start Line,,Hip-Hop,,,Spotify,KOR,1,1,0,0,0,0,0,0,0,0,0,0,0,0,0,0,0,0,0,0,0,0,0,0,0,0,0,0
BTS,2 Cool 4 Skool,2013,09,Path,,Hip-Hop,East Cost Hip-Hop,,Spotify,KOR,1,1,1,0,1,1,1,0,1,1,1,0,1,0,0,0,1,0,0,0,1,0,0,0,1,0,0,0
BTS,"O!RUL8,2?",2013,10,"Intro: O!RUL8,2?",,Hip-Hop,,,Spotify,KOR,1,1,1,0,0,0,0,0,0,0,0,0,0,0,0,0,0,0,0,0,0,0,0,0,0,0,0,0
BTS,"O!RUL8,2?",2013,02,N.O,,Hip-Hop,,,Spotify,KOR,1,1,1,0,1,1,1,0,1,1,0,0,1,0,0,0,1,0,0,0,1,0,0,0,1,0,0,0
BTS,"O!RUL8,2?",2013,03,We On,,Hip-Hop,,,Spotify,KOR,1,1,1,0,1,1,1,0,1,1,1,0,1,0,0,0,1,0,0,0,1,0,0,0,1,0,0,0
BTS,"O!RUL8,2?",2013,04,Skit: R U Happy now?,,NONE,,,Spotify,KOR,1,-1,-1,-1,1,-1,-1,-1,1,-1,-1,-1,1,-1,-1,-1,1,-1,-1,-1,1,-1,-1,-1,1,-1,-1,-1
BTS,"O!RUL8,2?",2013,05,If I Ruled the World,,Hip-Hop,,,Spotify,KOR,1,1,1,0,1,1,1,0,1,1,1,0,1,0,0,0,1,0,0,0,1,0,0,0,1,0,0,0
BTS,"O!RUL8,2?",2013,06,Coffee,,R&B,,,Spotify,KOR,1,1,1,0,1,1,1,0,1,1,1,0,1,0,0,0,1,0,0,0,1,0,0,0,1,0,0,0
BTS,"O!RUL8,2?",2013,07,BTS Cypher Pt.1,,Hip-Hop,,,Spotify,KOR,1,1,1,0,1,1,1,0,1,1,1,0,0,0,0,0,0,0,0,0,0,0,0,0,0,0,0,0
BTS,"O!RUL8,2?",2013,08,Attack on Bangtan,,Hip-Hop,,,Spotify,KOR,1,1,1,0,1,1,1,0,1,1,1,0,1,0,0,0,1,0,0,0,1,0,0,0,1,0,0,0
BTS,"O!RUL8,2?",2013,09,Paldogangsan,,Hip-Hop,Funk,,Spotify,KOR,1,1,1,0,1,1,1,0,1,1,1,0,1,0,0,0,1,0,0,0,1,0,0,0,1,0,0,0
BTS,"O!RUL8,2?",2013,10,Outro: Luv in Skool,,Hip-Hop,R&B,,Spotify,KOR,0,0,0,0,0,0,0,0,0,0,0,0,1,0,0,0,1,0,0,0,1,0,0,0,1,0,0,0
BTS,Skool Luv Affair,2014,01,Intro: Skool Luv Affair,,Hip-Hop,,,Spotify,KOR,1,1,1,0,1,1,1,0,1,1,1,0,0,0,0,0,0,0,0,0,0,0,0,0,0,0,0,0
BTS,Skool Luv Affair,2014,02,Boy in Luv,,Hip-Hop,,,Spotify,KOR,1,1,1,0,1,1,1,0,1,0,0,0,1,0,0,0,1,0,0,0,1,0,0,0,1,0,0,0
BTS,Skool Luv Affair,2014,03,Skit: Soulmate,,Hip-Hop,,,Spotify,KOR,1,-1,-1,-1,1,-1,-1,-1,1,-1,-1,-1,1,-1,-1,-1,1,-1,-1,-1,1,-1,-1,-1,1,-1,-1,-1
BTS,Skool Luv Affair,2014,04,Where You from,,Hip-Hop,,,Spotify,KOR,1,1,1,0,1,1,1,0,1,1,1,0,1,0,0,0,1,0,0,0,1,0,0,0,1,0,0,0
BTS,Skool Luv Affair,2014,05,Just One Day,,Hip-Hop,,,Spotify,KOR,1,1,1,0,1,1,0,0,1,1,0,0,1,0,0,0,1,0,0,0,1,0,0,0,1,0,0,0
BTS,Skool Luv Affair,2014,06,Tomorrow,,Hip-Hop,R&B,,Spotify,KOR,1,1,1,0,1,1,1,1,1,1,1,0,1,0,0,0,1,0,0,0,1,0,0,0,1,0,0,0
BTS,Skool Luv Affair,2014,07,BTS Cypher Pt.2: Triptych,,Hip-Hop,,,Spotify,KOR,1,1,1,0,1,1,1,0,1,1,1,0,0,0,0,0,0,0,0,0,0,0,0,0,0,0,0,0
BTS,Skool Luv Affair,2014,08,Spine Breaker,,Hip-Hop,,,Spotify,KOR,1,1,1,0,1,1,1,0,1,1,1,0,1,0,0,0,1,0,0,0,1,0,0,0,1,0,0,0
BTS,Skool Luv Affair,2014,09,Jump,,Hip-Hop,,,Spotify,KOR,1,1,1,0,1,1,0,1,1,1,1,0,1,0,0,0,1,0,0,0,1,0,0,0,1,0,0,0
BTS,Skool Luv Affair,2014,10,Outro: Propose,,Hip-Hop,,,Spotify,KOR,0,0,0,0,0,0,0,0,0,0,0,0,0,0,0,0,0,0,0,0,0,0,0,0,0,0,0,0
BTS,Skool Luv Affair (Special Edition),2014,01,Miss Right,,Hip-Hop,,,Spotify,KOR,1,1,1,0,1,1,1,0,1,1,1,0,1,0,0,0,1,0,0,0,1,0,0,0,1,0,0,0
BTS,Skool Luv Affair (Special Edition),2014,02,Like (Slow Jam Remix),,Hip-Hop,,,Spotify,KOR,1,1,1,0,1,1,1,0,1,1,1,0,1,0,0,0,1,0,0,0,1,0,0,0,1,0,0,0
BTS,Skool Luv Affair (Special Edition),2014,03,Intro: Skool Luv Affair,,Hip-Hop,,,Spotify,KOR,1,1,1,0,1,1,1,0,1,1,1,0,0,0,0,0,0,0,0,0,0,0,0,0,0,0,0,0
BTS,Skool Luv Affair (Special Edition),2014,04,Boy in Luv,,Hip-Hop,,,Spotify,KOR,1,1,1,0,1,1,1,0,1,0,0,0,1,0,0,0,1,0,0,0,1,0,0,0,1,0,0,0
BTS,Skool Luv Affair (Special Edition),2014,05,Skit: Soulmate,,NONE,,,Spotify,KOR,1,-1,-1,-1,1,-1,-1,-1,1,-1,-1,-1,1,-1,-1,-1,1,-1,-1,-1,1,-1,-1,-1,1,-1,-1,-1
BTS,Skool Luv Affair (Special Edition),2014,06,Where You from,,Hip-Hop,,,Spotify,KOR,1,1,1,0,1,1,1,0,1,1,1,0,1,0,0,0,1,0,0,0,1,0,0,0,1,0,0,0
BTS,Skool Luv Affair (Special Edition),2014,07,Just One Day,,Hip-Hop,,,Spotify,KOR,1,1,1,0,1,1,0,0,1,1,0,0,1,0,0,0,1,0,0,0,1,0,0,0,1,0,0,0
BTS,Skool Luv Affair (Special Edition),2014,08,Tomorrow,,R&B,,,Spotify,KOR,1,1,1,0,1,1,1,1,1,1,1,0,1,0,0,0,1,0,0,0,1,0,0,0,1,0,0,0
BTS,Skool Luv Affair (Special Edition),2014,09,BTS Cypher Pt.2: Triptych,,Hip-Hop,,,Spotify,KOR,1,1,1,0,1,1,1,0,1,1,1,0,0,0,0,0,0,0,0,0,0,0,0,0,0,0,0,0
BTS,Skool Luv Affair (Special Edition),2014,10,Spine Breaker,,Hip-Hop,,,Spotify,KOR,1,1,1,0,1,1,1,0,1,1,1,0,1,0,0,0,1,0,0,0,1,0,0,0,1,0,0,0
BTS,Skool Luv Affair (Special Edition),2014,11,Jump,,Hip-Hop,,,Spotify,KOR,1,1,1,0,1,1,0,1,1,1,1,0,1,0,0,0,1,0,0,0,1,0,0,0,1,0,0,0
BTS,Skool Luv Affair (Special Edition),2014,12,Outro: Propose,,Hip-Hop,,,Spotify,KOR,0,0,0,0,0,0,0,0,0,0,0,0,0,0,0,0,0,0,0,0,0,0,0,0,0,0,0,0
BTS,Dark & Wild,2014,01,Intro: What Am I to You,,Hip-Hop,,,Spotify,KOR,1,1,1,0,0,0,0,0,0,0,0,0,0,0,0,0,0,0,0,0,0,0,0,0,0,0,0,0
BTS,Dark & Wild,2014,02,Danger,,Hip-Hop,,,Spotify,KOR,1,1,1,0,1,1,1,0,1,1,1,0,1,0,0,0,1,0,0,0,1,0,0,0,1,0,0,0
BTS,Dark & Wild,2014,03,War of Hormone,,Hip-Hop,,,Spotify,KOR,1,1,1,0,1,1,1,0,1,1,1,0,1,0,0,0,1,0,0,0,1,0,0,0,1,0,0,0
BTS,Dark & Wild,2014,04,Hip Hop Phile,,Hip-Hop,,,Spotify,KOR,1,1,1,0,1,1,1,0,1,1,1,0,1,0,0,0,1,0,0,0,1,0,0,0,1,0,0,0
BTS,Dark & Wild,2014,05,Let Me Know,,R&B,Ambient ,,Spotify,KOR,1,1,1,0,1,1,1,1,1,1,1,0,1,0,0,0,1,0,0,0,1,0,0,0,1,0,0,0
BTS,Dark & Wild,2014,06,Rain,,R&B,Jazz,Hip-Hop,Spotify,KOR,1,1,1,0,1,1,1,0,1,1,1,0,1,0,0,0,1,0,0,0,1,0,0,0,1,0,0,0
BTS,Dark & Wild,2014,07,BTS Cypher Pt.3: Killer,Supreme Boi,Hip-Hop,,,Spotify,KOR,1,1,1,0,1,1,1,0,1,1,1,0,0,0,0,0,0,0,0,0,0,0,0,0,0,0,0,0
BTS,Dark & Wild,2014,08,Interlude: What Are You Doing Now,,Hip-Hop,,,Spotify,NONE,-1,-1,-1,-1,-1,-1,-1,-1,-1,-1,-1,-1,-1,-1,-1,-1,-1,-1,-1,-1,-1,-1,-1,-1,-1,-1,-1,-1
BTS,Dark & Wild,2014,09,Could You Turn off Your Cell Phone,,Hip-Hop,,,Spotify,KOR,1,1,1,0,1,1,1,0,1,1,1,0,1,0,0,0,1,0,0,0,1,0,0,0,1,0,0,0
BTS,Dark & Wild,2014,10,Embarrassed,,Hip-Hop,,,Spotify,KOR,1,1,1,0,1,1,1,0,1,1,1,0,1,0,0,0,1,0,0,0,1,0,0,0,1,0,0,0
BTS,Dark & Wild,2014,11,24/7=Heaven,,Hip-Hop,,,Spotify,KOR,1,1,1,0,1,1,1,0,1,1,1,0,1,0,0,0,1,0,0,0,1,0,0,0,1,0,0,0
BTS,Dark & Wild,2014,12,Look Here,,Hip-Hop,,,Spotify,KOR,1,1,1,0,1,1,1,0,1,1,1,0,1,0,0,0,1,0,0,0,1,0,0,0,1,0,0,0
BTS,Dark & Wild,2014,13,2nd Grade,,Hip-Hop,,,Spotify,KOR,1,1,1,0,1,1,1,0,1,1,1,0,1,0,0,0,1,0,0,0,1,0,0,0,1,0,0,0
BTS,Dark & Wild,2014,14,Outro: Do You Think It Makes Sense?,,R&B,Ballad,,Spotify,KOR,0,0,0,0,0,0,0,0,0,0,0,0,1,0,0,0,1,0,0,0,1,0,0,0,1,0,0,0
BTS,The Most Beautiful Moment in Life Pt.1,2015,01,Intro: The Most Beautiful Moment in Life,,Hip-Hop,,,Spotify,KOR,0,0,0,0,1,1,0,0,0,0,0,0,0,0,0,0,0,0,0,0,0,0,0,0,0,0,0,0
BTS,The Most Beautiful Moment in Life Pt.1,2015,02,I Need U,,Electropop,R&B,Hip-Hop,Spotify,KOR,1,1,1,0,1,1,0,0,1,1,0,0,1,0,0,0,1,0,0,0,1,0,0,0,1,0,0,0
BTS,The Most Beautiful Moment in Life Pt.1,2015,03,Hold Me Tight,,R&B,,,Spotify,KOR,1,1,1,0,1,1,1,0,1,1,1,0,1,0,0,0,1,0,0,0,1,1,1,0,1,0,0,0
BTS,The Most Beautiful Moment in Life Pt.1,2015,04,Skit: Expectation!,,NONE,,,Spotify,KOR,1,-1,-1,-1,1,-1,-1,-1,1,-1,-1,-1,1,-1,-1,-1,1,-1,-1,-1,1,-1,-1,-1,1,-1,-1,-1
BTS,The Most Beautiful Moment in Life Pt.1,2015,05,Dope,,Pop,EDM,Hip-Hop,Spotify,KOR,1,1,1,0,1,1,1,0,1,1,1,0,1,0,0,0,1,0,0,0,1,0,0,0,1,0,0,0
BTS,The Most Beautiful Moment in Life Pt.1,2015,06,Boyz with Fun,,Hip-Hop,,,Spotify,KOR,1,1,1,0,1,1,1,1,1,1,1,0,1,1,1,0,1,1,1,0,1,1,1,0,1,0,0,0
BTS,The Most Beautiful Moment in Life Pt.1,2015,07,Converse High,,Hip-Hop,,,Spotify,KOR,1,1,1,0,1,1,1,0,1,1,1,0,1,0,0,0,1,0,0,0,1,0,0,0,1,0,0,0
BTS,The Most Beautiful Moment in Life Pt.1,2015,08,Moving On,,Hip-Hop,,,Spotify,KOR,1,1,1,0,1,1,1,0,1,1,1,0,1,0,0,0,1,0,0,0,1,0,0,0,1,0,0,0
BTS,The Most Beautiful Moment in Life Pt.1,2015,09,Outro: Love Is Not Over,,R&B,,,Spotify,KOR,0,1,0,0,0,1,0,0,0,1,0,0,1,1,1,0,1,0,0,0,1,0,0,0,1,1,1,1
BTS,The Most Beautiful Moment in Life Pt.2,2015,01,Intro: Never Mind,,Hip-Hop,,,Spotify,KOR,1,1,1,0,1,1,1,0,1,1,1,0,0,0,0,0,0,0,0,0,0,0,0,0,0,0,0,0
BTS,The Most Beautiful Moment in Life Pt.2,2015,02,Run,,Hip-Hop,,,Spotify,KOR,1,1,1,0,1,1,1,0,1,1,1,0,1,0,0,0,1,0,0,0,1,1,1,0,1,0,0,0
BTS,The Most Beautiful Moment in Life Pt.2,2015,03,Butterfly,,R&B,Ballad,Pop,Spotify,KOR,1,0,0,0,1,0,0,0,1,0,0,0,1,0,0,0,1,0,0,0,1,0,0,0,1,0,0,0
BTS,The Most Beautiful Moment in Life Pt.2,2015,04,Whalien 52,,Hip-Hop,,,Spotify,KOR,1,1,1,0,1,1,1,0,1,1,1,0,1,0,0,0,1,0,0,0,1,0,0,0,1,0,0,0
BTS,The Most Beautiful Moment in Life Pt.2,2015,05,Ma City,,Hip-Hop,Funk,,Spotify,KOR,1,1,1,0,1,1,1,0,1,1,1,0,1,0,0,0,1,0,0,0,1,0,0,0,1,0,0,0
BTS,The Most Beautiful Moment in Life Pt.2,2015,06,Silver Spoon,,Hip-Hop,,,Spotify,KOR,1,1,1,1,1,1,1,0,1,1,1,0,1,0,0,0,1,0,0,0,1,0,0,0,1,0,0,0
BTS,The Most Beautiful Moment in Life Pt.2,2015,07,Skit: One Night in a Strange City,,NONE,,,Spotify,KOR,1,-1,-1,-1,1,-1,-1,-1,1,-1,-1,-1,1,-1,-1,-1,1,-1,-1,-1,1,-1,-1,-1,1,-1,-1,-1
BTS,The Most Beautiful Moment in Life Pt.2,2015,08,Autumn Leaves,,R&B,Jazz,Ballad,Spotify,KOR,1,1,1,0,1,1,1,1,1,1,1,0,1,0,0,0,1,0,0,0,1,0,0,0,1,1,0,0
BTS,The Most Beautiful Moment in Life Pt.2,2015,09,Outro: House of Cards,,R&B,Jazz,Ballad,Spotify,KOR,0,0,0,0,0,0,0,0,0,0,0,1,0,0,0,1,0,0,0,1,0,0,0,1,0,0,0,0
BTS,The Most Beautiful Moment in Life: Young Forever,2016,01,Intro: The Most Beautiful Moment in Life,,R&B,,,Spotify,KOR,0,0,0,0,1,1,0,0,0,0,0,0,0,0,0,0,0,0,0,0,0,0,0,0,0,0,0,0
BTS,The Most Beautiful Moment in Life: Young Forever,2016,02,I Need U,,Electropop,R&B,Hip-Hop,Spotify,KOR,1,1,1,0,1,1,0,0,1,1,0,0,1,0,0,0,1,0,0,0,1,0,0,0,1,0,0,0
BTS,The Most Beautiful Moment in Life: Young Forever,2016,03,Hold Me Tight,,R&B,,,Spotify,KOR,1,1,1,0,1,1,1,0,1,1,1,0,1,0,0,0,1,0,0,0,1,1,1,0,1,0,0,0
BTS,The Most Beautiful Moment in Life: Young Forever,2016,04,Autumn Leaves,,R&B,Jazz,Ballad,Spotify,KOR,1,1,1,0,1,1,1,1,1,1,1,0,1,0,0,0,1,0,0,0,1,0,0,0,1,1,0,0
BTS,The Most Beautiful Moment in Life: Young Forever,2016,05,Butterfly (Prologue Mix),,R&B,Ballad,Pop,Spotify,KOR,0,0,0,0,0,0,0,0,0,0,0,0,0,0,0,0,0,0,0,0,0,0,0,0,0,0,0,0
BTS,The Most Beautiful Moment in Life: Young Forever,2016,06,Run,,Rock-Dance,R&B,Hip-Hop,Spotify,KOR,1,1,1,0,1,1,1,0,1,1,1,0,1,0,0,0,1,0,0,0,1,1,1,0,1,0,0,0
BTS,The Most Beautiful Moment in Life: Young Forever,2016,07,Ma City,,Hip-Hop,Funk,,Spotify,KOR,1,1,1,0,1,1,1,0,1,1,1,0,1,0,0,0,1,0,0,0,1,0,0,0,1,0,0,0
BTS,The Most Beautiful Moment in Life: Young Forever,2016,08,Silver Spoon,,Hip-Hop,,,Spotify,KOR,1,1,1,1,1,1,1,0,1,1,1,0,1,0,0,0,1,0,0,0,1,0,0,0,1,0,0,0
BTS,The Most Beautiful Moment in Life: Young Forever,2016,09,Dope,,Pop,EDM,Hip-Hop,Spotify,KOR,1,1,1,0,1,1,1,0,1,1,1,0,1,0,0,0,1,0,0,0,1,0,0,0,1,0,0,0
BTS,The Most Beautiful Moment in Life: Young Forever,2016,10,Burning Up (Fire),,EDM,,,Spotify,KOR,1,1,1,0,1,1,1,0,1,0,0,0,1,0,0,0,1,0,0,0,1,0,0,0,1,0,0,0
BTS,The Most Beautiful Moment in Life: Young Forever,2016,11,Save Me,,EDM,Future Bass,Tropical House,Spotify,KOR,1,1,1,0,1,1,1,0,1,1,1,0,1,0,0,0,1,0,0,0,1,0,0,0,1,0,0,0
BTS,The Most Beautiful Moment in Life: Young Forever,2016,12,Epilogue: Young Forever,,Hip-Hop,,,Spotify,KOR,1,1,1,1,1,1,1,0,1,1,1,0,1,0,0,0,1,0,0,0,1,0,0,0,1,0,0,0
BTS,The Most Beautiful Moment in Life: Young Forever,2016,13,Converse High,,Hip-Hop,,,Spotify,KOR,1,1,1,0,1,1,1,0,1,1,1,0,1,0,0,0,1,0,0,0,1,0,0,0,1,0,0,0
BTS,The Most Beautiful Moment in Life: Young Forever,2016,14,Moving On,,Hip-Hop,,,Spotify,KOR,1,1,1,0,1,1,1,0,1,1,1,0,1,0,0,0,1,0,0,0,1,0,0,0,1,0,0,0
BTS,The Most Beautiful Moment in Life: Young Forever,2016,15,Whalien 52,,Hip-Hop,,,Spotify,KOR,1,1,1,0,1,1,1,0,1,1,1,0,1,0,0,0,1,0,0,0,1,0,0,0,1,0,0,0
BTS,The Most Beautiful Moment in Life: Young Forever,2016,16,Butterfly,,R&B,Ballad,Pop,Spotify,KOR,1,0,0,0,1,0,0,0,1,0,0,0,1,0,0,0,1,0,0,0,1,0,0,0,1,0,0,0
BTS,The Most Beautiful Moment in Life: Young Forever,2016,17,House of Cards (Full Length Edition),,R&B,Jazz,Ballad,Spotify,KOR,0,0,0,0,0,0,0,0,0,0,0,0,0,0,0,0,1,0,0,0,1,0,0,0,1,0,0,0
BTS,The Most Beautiful Moment in Life: Young Forever,2016,18,Love Is Not Over (Full Length Edition),,R&B,,,Spotify,KOR,1,1,0,0,1,1,0,0,1,1,0,0,1,1,1,0,1,0,0,0,1,0,0,0,1,1,1,1
BTS,The Most Beautiful Moment in Life: Young Forever,2016,19,I Need U (Urban Mix),,Ballad,,,Spotify,KOR,1,1,1,0,1,1,0,0,1,1,0,0,1,0,0,0,1,0,0,0,1,0,0,0,1,0,0,0
BTS,The Most Beautiful Moment in Life: Young Forever,2016,20,I Need U (Remix),,Electropop,R&B,Hip-Hop,Spotify,KOR,1,1,1,0,1,1,0,0,1,1,0,0,1,0,0,0,1,0,0,0,1,0,0,0,1,0,0,0
BTS,The Most Beautiful Moment in Life: Young Forever,2016,21,Run (Ballad Mix),,Ballad,,,Spotify,KOR,1,1,1,0,1,1,1,0,1,1,1,0,1,0,0,0,1,0,0,0,1,1,1,0,1,0,0,0
BTS,The Most Beautiful Moment in Life: Young Forever,2016,22,Run (Alternative Mix),,Pop,,,Spotify,KOR,1,1,1,0,1,1,1,0,1,1,1,0,1,0,0,0,1,0,0,0,1,1,1,0,1,0,0,0
BTS,The Most Beautiful Moment in Life: Young Forever,2016,23,Butterfly (Alternative Mix),,Pop,R&B,Ballad,Spotify,KOR,1,0,0,0,1,0,0,0,1,0,0,0,1,0,0,0,1,0,0,0,1,0,0,0,1,0,0,0
BTS,Wings,2016,01,Intro: Boy Meets Evil,,Hip-Hop,,,Spotify,KOR,0,1,1,0,0,0,0,0,1,1,1,0,0,0,0,0,0,0,0,0,0,0,0,0,0,0,0,0
BTS,Wings,2016,02,Blood Sweat & Tears,,Moombahton ,Reggaeton,Tropical House,Spotify,KOR,1,1,1,0,1,1,1,0,1,1,1,0,1,0,0,0,1,0,0,0,1,0,0,0,1,0,0,0
BTS,Wings,2016,03,Begin,,Hip-Hop,,,Spotify,KOR,0,1,0,0,0,0,0,0,0,0,0,0,0,0,0,0,0,0,0,0,0,0,0,0,1,0,0,0
BTS,Wings,2016,04,Lie,,Ballad,Pop,,Spotify,KOR,0,0,0,0,0,0,0,0,0,0,0,0,0,0,0,0,1,1,1,0,0,0,0,0,0,0,0,0
BTS,Wings,2016,05,Stigma,,Neo-Soul,,,Spotify,KOR,0,0,0,0,0,0,0,0,0,0,0,0,0,0,0,0,0,0,0,0,1,1,1,0,0,0,0,0
BTS,Wings,2016,06,First Love,,Hip-Hop,,,Spotify,KOR,0,0,0,0,1,1,1,0,0,0,0,0,0,0,0,0,0,0,0,0,0,0,0,0,0,0,0,0
BTS,Wings,2016,07,Reflection,,Hip-Hop,,,Spotify,KOR,1,1,1,1,0,0,0,0,0,0,0,0,0,0,0,0,0,0,0,0,0,0,0,0,0,0,0,0
BTS,Wings,2016,08,MAMA,,Hip-Hop,,,Spotify,KOR,0,0,0,0,0,0,0,0,1,1,1,0,0,0,0,0,0,0,0,0,0,0,0,0,0,0,0,0
BTS,Wings,2016,09,Awake,,Ballad,,,Spotify,KOR,0,1,1,0,0,0,0,0,0,1,1,0,1,1,1,0,0,0,0,0,0,0,0,0,0,0,0,0
BTS,Wings,2016,10,Lost,,Pop,,,Spotify,KOR,0,1,1,0,0,0,0,0,0,0,0,0,1,0,0,0,1,0,0,0,1,0,0,0,1,0,0,0
BTS,Wings,2016,11,BTS Cypher 4,,Hip-Hop,,,Spotify,KOR,1,1,0,0,1,1,0,0,1,1,0,0,0,0,0,0,0,0,0,0,0,0,0,0,0,0,0,0
BTS,Wings,2016,12,Am I Wrong,,Hip-Hop,,,Spotify,KOR,1,1,0,0,1,0,0,0,1,0,0,0,1,0,0,0,1,0,0,0,1,0,0,0,1,0,0,0
BTS,Wings,2016,13,21st Century Girl,,Dance,EDM,,Spotify,KOR,1,1,1,0,1,0,0,0,1,0,0,0,1,0,0,0,1,0,0,0,1,0,0,0,1,0,0,0
BTS,Wings,2016,14,2! 3!,,Pop,,,Spotify,KOR,1,1,1,0,1,1,1,0,1,1,1,0,1,0,0,0,1,0,0,0,1,0,0,0,1,0,0,0
BTS,Wings,2016,15,Interlude: Wings,,EDM,Dance,,Spotify,KOR,1,1,1,0,1,1,1,0,1,1,1,0,1,0,0,0,1,0,0,0,1,0,0,0,1,0,0,0
BTS,You Never Walk Alone,2017,01,Intro: Boy Meets Evil,,Hip-Hop,,,Spotify,KOR,0,1,1,0,0,0,0,0,1,1,1,0,0,0,0,0,0,0,0,0,0,0,0,0,0,0,0,0
BTS,You Never Walk Alone,2017,02,Blood Sweat & Tears,,Moombahton ,Reggaeton,House,Spotify,KOR,1,1,1,0,1,1,1,0,1,1,1,0,1,0,0,0,1,0,0,0,1,0,0,0,1,0,0,0
BTS,You Never Walk Alone,2017,03,Begin,,Hip-Hop,,,Spotify,KOR,0,1,0,0,0,0,0,0,0,0,0,0,0,0,0,0,0,0,0,0,0,0,0,0,1,0,0,0
BTS,You Never Walk Alone,2017,04,Lie,,Ballad,Pop,,Spotify,KOR,0,0,0,0,0,0,0,0,0,0,0,0,0,0,0,0,1,1,1,0,0,0,0,0,0,0,0,0
BTS,You Never Walk Alone,2017,05,Stigma,,Neo-Soul,,,Spotify,KOR,0,0,0,0,0,0,0,0,0,0,0,0,0,0,0,0,0,0,0,0,1,1,1,0,0,0,0,0
BTS,You Never Walk Alone,2017,06,First Love,,Hip-Hop,,,Spotify,KOR,0,0,0,0,1,1,1,0,0,0,0,0,0,0,0,0,0,0,0,0,0,0,0,0,0,0,0,0
BTS,You Never Walk Alone,2017,07,Reflection,,Hip-Hop,,,Spotify,KOR,1,1,1,1,0,0,0,0,0,0,0,0,0,0,0,0,0,0,0,0,0,0,0,0,0,0,0,0
BTS,You Never Walk Alone,2017,08,MAMA,,Hip-Hop,Jazz,,Spotify,KOR,0,0,0,0,0,0,0,0,1,1,1,0,0,0,0,0,0,0,0,0,0,0,0,0,0,0,0,0
BTS,You Never Walk Alone,2017,09,Awake,,Ballad,,,Spotify,KOR,0,1,1,0,0,0,0,0,0,1,1,0,1,0,0,0,0,0,0,0,0,0,0,0,0,0,0,0
BTS,You Never Walk Alone,2017,10,Lost,,R&B,Pop,,Spotify,KOR,0,1,1,0,0,0,0,0,0,0,0,0,1,0,0,0,1,0,0,0,1,0,0,0,1,0,0,0
BTS,You Never Walk Alone,2017,11,BTS Cypher 4,,Hip-Hop,,,Spotify,KOR,1,1,0,0,1,1,0,0,1,1,0,0,0,0,0,0,0,0,0,0,0,0,0,0,0,0,0,0
BTS,You Never Walk Alone,2017,12,Am I Wrong,,Blues,Hip-Hop,,Spotify,KOR,1,1,0,0,1,0,0,0,1,0,0,0,1,0,0,0,1,0,0,0,1,0,0,0,1,0,0,0
BTS,You Never Walk Alone,2017,13,21st Century Girl,,R&B,,,Spotify,KOR,1,1,1,0,1,0,0,0,1,0,0,0,1,0,0,0,1,0,0,0,1,0,0,0,1,0,0,0
BTS,You Never Walk Alone,2017,14,2! 3! (Still Wishing For More Good Days),,R&B,,,Spotify,KOR,1,1,1,0,1,1,1,0,1,1,1,0,1,0,0,0,1,0,0,0,1,0,0,0,1,0,0,0
BTS,You Never Walk Alone,2017,15,Spring Day,,Punk Rock,British Rock,Alternative Hip-Hop,Spotify,KOR,1,1,1,0,1,1,1,0,1,0,0,0,1,0,0,0,1,0,0,0,1,0,0,0,1,0,0,0
BTS,You Never Walk Alone,2017,16,Not Today,,Hip-Hop,EDM,,Spotify,KOR,1,1,0,0,1,0,0,0,1,0,0,0,1,0,0,0,1,0,0,0,1,0,0,0,1,0,0,0
BTS,You Never Walk Alone,2017,17,Outro: Wings,,EDM,Dance,,Spotify,KOR,1,1,1,0,1,1,1,0,1,1,1,0,1,0,0,0,1,0,0,0,1,0,0,0,1,0,0,0
BTS,You Never Walk Alone,2017,18,A Supplementary Story: You Never Walk Alone,,Pop,,,Spotify,KOR,1,1,1,0,1,1,1,0,1,1,1,0,1,0,0,0,1,0,0,0,1,0,0,0,1,0,0,0
BTS,LOVE YOURSELF 承 'Her',2017,01,Intro: Serendipity,,Alternative R&B,Ambient,,Spotify,KOR,0,1,1,0,0,0,0,0,0,0,0,0,0,0,0,0,1,0,0,0,0,0,0,0,0,0,0,0
BTS,LOVE YOURSELF 承 'Her',2017,02,DNA,,EDM,Future Bass,Electropop,Spotify,KOR,1,1,1,0,1,1,1,0,1,0,0,0,1,0,0,0,1,0,0,0,1,0,0,0,1,0,0,0
BTS,LOVE YOURSELF 承 'Her',2017,03,Best of Me,,EDM,Pop,,Spotify,KOR,1,1,1,0,1,1,1,0,1,1,1,0,1,0,0,0,1,0,0,0,1,0,0,0,1,0,0,0
BTS,LOVE YOURSELF 承 'Her',2017,04,dimple,,Pop,,,Spotify,KOR,0,1,1,0,0,0,0,0,0,0,0,0,1,0,0,0,1,0,0,0,1,0,0,0,1,0,0,0
BTS,LOVE YOURSELF 承 'Her',2017,05,Pied Piper,,Hip-Hop,Funk,,Spotify,KOR,1,1,1,0,1,1,1,0,1,1,1,0,1,0,0,0,1,0,0,0,1,0,0,0,1,0,0,0
BTS,LOVE YOURSELF 承 'Her',2017,06,Skit: Billboard Music Awards Speech,,NONE,,,Spotify,NONE,-1,-1,-1,-1,-1,-1,-1,-1,-1,-1,-1,-1,-1,-1,-1,-1,-1,-1,-1,-1,-1,-1,-1,-1,-1,-1,-1,-1
BTS,LOVE YOURSELF 承 'Her',2017,07,MIC Drop,,Hip-Hop,Trap,,Spotify,KOR,1,1,1,0,1,0,0,0,1,1,1,0,1,0,0,0,1,0,0,0,1,0,0,0,1,0,0,0
BTS,LOVE YOURSELF 承 'Her',2017,08,Go Go,,Hip-Hop,Funk,,Spotify,KOR,1,0,0,0,1,0,0,0,1,0,0,0,1,0,0,0,1,0,0,0,1,0,0,0,1,0,0,0
BTS,LOVE YOURSELF 承 'Her',2017,09,Outro: Her,,Hip-Hop,,,Spotify,KOR,1,1,1,0,1,1,1,1,1,1,1,0,0,0,0,0,0,0,0,0,0,0,0,0,0,0,0,0
BTS,LOVE YOURSELF 承 'Her',2017,10,Sea,,Hip-Hop,,,Spotify,KOR,1,1,1,0,1,1,1,0,1,1,1,0,1,0,0,0,1,0,0,0,1,0,0,0,1,0,0,0
BTS,LOVE YOURSELF 轉 'Tear',2018,01,Intro: Singularity,,R&B,Neo Soul,Jazz,Spotify,KOR,0,1,1,0,0,0,0,0,0,0,0,0,0,0,0,0,0,0,0,0,1,0,0,0,0,0,0,0
BTS,LOVE YOURSELF 轉 'Tear',2018,02,FAKE LOVE,,Rap Rock,Emo Hip-Hop,Future Bass,Spotify,KOR,1,1,1,0,1,0,0,0,1,0,0,0,1,0,0,0,1,0,0,0,1,0,0,0,1,0,0,0
BTS,LOVE YOURSELF 轉 'Tear',2018,03,The Truth Untold,,Ballad,,,Spotify,KOR,0,1,1,0,0,0,0,0,0,0,0,0,1,0,0,0,1,0,0,0,1,0,0,0,1,0,0,0
BTS,LOVE YOURSELF 轉 'Tear',2018,04,134340,,Jazz,Funk,,Spotify,KOR,1,1,1,0,1,1,1,0,1,1,1,0,1,0,0,0,1,0,0,0,1,0,0,0,1,0,0,0
BTS,LOVE YOURSELF 轉 'Tear',2018,05,Paradise,,R&B,,,Spotify,KOR,1,1,1,0,1,1,1,0,1,1,1,0,1,0,0,0,1,0,0,0,1,0,0,0,1,0,0,0
BTS,LOVE YOURSELF 轉 'Tear',2018,06,Love Maze,,R&B,,,Spotify,KOR,1,1,1,0,1,1,1,0,1,1,1,0,1,0,0,0,1,0,0,0,1,0,0,0,1,0,0,0
BTS,LOVE YOURSELF 轉 'Tear',2018,07,Magic Shop,,EDM,Pop,,Spotify,KOR,1,1,1,0,1,1,1,0,1,1,1,0,1,0,0,0,1,0,0,0,1,0,0,0,1,1,1,1
BTS,LOVE YOURSELF 轉 'Tear',2018,08,Airplane pt.2,,Latin Pop,,,Spotify,KOR,1,1,1,0,1,1,1,0,1,1,1,0,1,0,0,0,1,0,0,0,1,0,0,0,1,0,0,0
BTS,LOVE YOURSELF 轉 'Tear',2018,09,Anpanman,,Hip-Hop,,,Spotify,KOR,1,1,1,0,1,1,1,0,1,0,0,0,1,0,0,0,1,0,0,0,1,0,0,0,1,0,0,0
BTS,LOVE YOURSELF 轉 'Tear',2018,10,So What,,EDM,,,Spotify,KOR,1,1,1,0,1,1,1,0,1,1,1,0,1,0,0,0,1,0,0,0,1,0,0,0,1,0,0,0
BTS,LOVE YOURSELF 轉 'Tear',2018,11,Outro: Tear,,Hip-Hop,,,Spotify,KOR,1,1,1,0,1,1,1,0,1,1,1,0,0,0,0,0,0,0,0,0,0,0,0,0,0,0,0,0
BTS,LOVE YOURSELF 結 'Answer',2018,01,Euphoria,,EDM,Future Bass,,Spotify,KOR,0,1,1,0,0,0,0,0,0,0,0,0,0,0,0,0,0,0,0,0,0,0,0,0,1,0,0,0
BTS,LOVE YOURSELF 結 'Answer',2018,02,Trivia 起: Just Dance,,EDM,Pop,,Spotify,KOR,0,0,0,0,0,0,0,0,1,1,1,0,0,0,0,0,0,0,0,0,0,0,0,0,0,0,0,0
BTS,LOVE YOURSELF 結 'Answer',2018,03,Serendipity (Full Length Edition),,Alternative R&B,Ambient,,Spotify,KOR,0,1,1,0,0,0,0,0,0,0,0,0,0,0,0,0,1,0,0,0,0,0,0,0,0,0,0,0
BTS,LOVE YOURSELF 結 'Answer',2018,04,DNA,,EDM,Future Bass,Electropop,Spotify,KOR,1,1,1,0,1,1,1,0,1,0,0,0,1,0,0,0,1,0,0,0,1,0,0,0,1,0,0,0
BTS,LOVE YOURSELF 結 'Answer',2018,05,dimple,,Pop,,,Spotify,KOR,0,1,1,0,0,0,0,0,0,0,0,0,1,0,0,0,1,0,0,0,1,0,0,0,1,0,0,0
BTS,LOVE YOURSELF 結 'Answer',2018,06,Trivia 承: Love,,Hip-Hop,Pop,,Spotify,KOR,1,1,1,0,0,0,0,0,0,0,0,0,0,0,0,0,0,0,0,0,0,0,0,0,0,0,0,0
BTS,LOVE YOURSELF 結 'Answer',2018,07,Her,,Hip-Hop,,,Spotify,KOR,1,1,1,0,1,1,1,1,1,1,1,0,0,0,0,0,0,0,0,0,0,0,0,0,0,0,0,0
BTS,LOVE YOURSELF 結 'Answer',2018,08,Singularity,,R&B,Neo Soul,Jazz,Spotify,KOR,0,1,1,0,0,0,0,0,0,0,0,0,0,0,0,0,0,0,0,0,1,0,0,0,0,0,0,0
BTS,LOVE YOURSELF 結 'Answer',2018,09,FAKE LOVE,,Rap Rock,Emo Hip-Hop,Future Bass,Spotify,KOR,1,1,1,0,1,0,0,0,1,0,0,0,1,0,0,0,1,0,0,0,1,0,0,0,1,0,0,0
BTS,LOVE YOURSELF 結 'Answer',2018,10,The Truth Untold,,Ballad,,,Spotify,KOR,0,1,1,0,0,0,0,0,0,0,0,0,1,0,0,0,1,0,0,0,1,0,0,0,1,0,0,0
BTS,LOVE YOURSELF 結 'Answer',2018,11,Trivia 轉: Seesaw,,Pop,Hip-Hop,,Spotify,KOR,0,0,0,0,1,1,1,1,0,0,0,0,0,0,0,0,0,0,0,0,0,0,0,0,0,0,0,0
BTS,LOVE YOURSELF 結 'Answer',2018,12,Tear,,Hip-Hop,,,Spotify,KOR,1,1,1,0,1,1,1,0,1,1,1,0,0,0,0,0,0,0,0,0,0,0,0,0,0,0,0,0
BTS,LOVE YOURSELF 結 'Answer',2018,13,Epiphany,,Alternative Rock,Ballad,,Spotify,KOR,0,0,0,0,0,0,0,0,0,0,0,0,1,0,0,0,0,0,0,0,0,0,0,0,0,0,0,0
BTS,LOVE YOURSELF 結 'Answer',2018,14,I'm Fine,,EDM,,,Spotify,KOR,1,1,1,0,1,1,1,0,1,1,1,0,1,0,0,0,1,0,0,0,1,0,0,0,1,0,0,0
BTS,LOVE YOURSELF 結 'Answer',2018,15,IDOL,,Samul nori ,Trap,EDM,Spotify,KOR,1,1,1,0,1,0,0,0,2,0,0,0,1,0,0,0,1,0,0,0,1,0,0,0,1,0,0,0
BTS,LOVE YOURSELF 結 'Answer',2018,16,Answer: Love Myself,,Pop,,,Spotify,KOR,1,1,1,0,1,1,1,0,1,1,1,0,1,0,0,0,1,0,0,0,1,0,0,0,1,0,0,0
BTS,LOVE YOURSELF 結 'Answer',2018,17,Magic Shop,,EDM,,,Spotify,KOR,1,1,1,0,1,1,1,0,1,1,1,0,1,0,0,0,1,0,0,0,1,0,0,0,1,1,1,1
BTS,LOVE YOURSELF 結 'Answer',2018,18,Best of Me,,EDM,Pop,,Spotify,KOR,1,1,1,0,1,1,1,0,1,1,1,0,1,0,0,0,1,0,0,0,1,0,0,0,1,0,0,0
BTS,LOVE YOURSELF 結 'Answer',2018,19,Airplane pt.2,,Latin Pop,,,Spotify,KOR,1,1,1,0,1,1,1,0,1,1,1,0,1,0,0,0,1,0,0,0,1,0,0,0,1,0,0,0
BTS,LOVE YOURSELF 結 'Answer',2018,20,Go Go,,Hip-Hop,Funk,,Spotify,KOR,1,0,0,0,1,0,0,0,1,0,0,0,1,0,0,0,1,0,0,0,1,0,0,0,1,0,0,0
BTS,LOVE YOURSELF 結 'Answer',2018,21,Anpanman,,Hip-Hop,,,Spotify,KOR,1,1,1,0,1,1,1,0,1,0,0,0,1,0,0,0,1,0,0,0,1,0,0,0,1,0,0,0
BTS,LOVE YOURSELF 結 'Answer',2018,22,MIC Drop,,Hip-Hop,Trap,,Spotify,KOR,1,1,1,0,1,0,0,0,1,1,1,0,1,0,0,0,1,0,0,0,1,0,0,0,1,0,0,0
BTS,LOVE YOURSELF 結 'Answer',2018,23,DNA (Pedal 2 LA Mix),,Rock,,,Spotify,KOR,1,1,1,0,1,1,1,0,1,0,0,0,1,0,0,0,1,0,0,0,1,0,0,0,1,0,0,0
BTS,LOVE YOURSELF 結 'Answer',2018,24,FAKE LOVE (Rocking Vibe Mix),,Rap Rock,Emo Hip-Hop,Future Bass,Spotify,KOR,1,1,1,0,1,0,0,0,1,0,0,0,1,0,0,0,1,0,0,0,1,0,0,0,1,0,0,0
BTS,LOVE YOURSELF 結 'Answer',2018,25,MIC Drop (Steve Aoki Remix)[Full Length Edition],,Hip-Hop,,,Spotify,KOR,1,1,1,0,1,0,0,0,1,1,1,0,1,0,0,0,1,0,0,0,1,0,0,0,1,0,0,0
BTS,LOVE YOURSELF 結 'Answer',2018,26,IDOL feat. Nicki Minaj,Nicki Minaj,Samul nori ,Trap,EDM,Spotify,KOR,1,1,1,0,1,0,0,0,2,0,0,0,1,0,0,0,1,0,0,0,1,0,0,0,1,0,0,0
BTS,MAP OF THE SOUL: PERSONA,2019,01,Intro: Persona,,Hip-Hop,Trap,,Spotify,KOR,1,1,1,0,0,0,0,0,0,0,0,0,0,0,0,0,0,0,0,0,0,0,0,0,0,0,0,0
BTS,MAP OF THE SOUL: PERSONA,2019,02,Boy with Luv (feat. Halsey),Halsey,Funk Pop,Nu-disco,Hip-Hop,Spotify,KOR,1,1,1,0,1,1,1,0,1,1,1,0,1,0,0,0,1,0,0,0,1,0,0,0,1,0,0,0
BTS,MAP OF THE SOUL: PERSONA,2019,03,Mikrokosmos,,Synth-Pop,Pop,,Spotify,KOR,1,1,1,0,1,1,1,0,1,1,1,0,1,0,0,0,1,0,0,0,1,0,0,0,1,0,0,0
BTS,MAP OF THE SOUL: PERSONA,2019,04,Make It Right,,R&B,Contemporary R&B,,Spotify,KOR,1,1,1,0,1,1,1,0,1,1,1,0,1,0,0,0,1,0,0,0,1,0,0,0,1,0,0,0
BTS,MAP OF THE SOUL: PERSONA,2019,05,HOME,,R&B,Pop,,Spotify,KOR,1,1,1,0,1,1,1,0,1,1,1,0,1,0,0,0,1,0,0,0,1,0,0,0,1,0,0,0
BTS,MAP OF THE SOUL: PERSONA,2019,06,Jamais Vu,,R&B,Pop,,Spotify,KOR,0,1,1,0,0,0,0,0,1,1,1,0,1,0,0,0,0,0,0,0,0,0,0,0,1,0,0,0
BTS,MAP OF THE SOUL: PERSONA,2019,07,Dionysus,,Rap Rock,Hip-Hop,,Spotify,KOR,1,1,1,0,1,1,1,0,1,1,1,0,1,0,0,0,1,0,0,0,1,0,0,0,1,0,0,0
,,,,,,,,,,,,,,,,,,,,,,,,,,,,,,,,,,,,,,
"RM, Suga, j-hope",,2018,,DDAENG (땡),,Hip-Hop,Trap,,Soudcloud,KOR,1,1,1,1,1,1,1,1,1,1,1,1,0,0,0,0,0,0,0,0,0,0,0,0,0,0,0,0
,,,,,,,,,,,,,,,,,,,,,,,,,,,,,,,,,,,,,,
RM,RM,2015,01,Voice,,Hip-Hop,,,Soudcloud,KOR,1,1,0,0,0,0,0,0,0,0,0,0,0,0,0,0,0,0,0,0,0,0,0,0,0,0,0,0
RM,RM,2015,02,Do You,,Hip-Hop,Dancehall,,Soudcloud,KOR,1,1,0,0,0,0,0,0,0,0,0,0,0,0,0,0,0,0,0,0,0,0,0,0,0,0,0,0
RM,RM,2015,03,Awakening,,Hip-Hop,,,Soudcloud,KOR,1,1,0,0,0,0,0,0,0,0,0,0,0,0,0,0,0,0,0,0,0,0,0,0,0,0,0,0
RM,RM,2015,04,Monster,,Hip-Hop,,,Soudcloud,KOR,1,1,0,0,0,0,0,0,0,0,0,0,0,0,0,0,0,0,0,0,0,0,0,0,0,0,0,0
RM,RM,2015,05,Throw Away,,Big beat,Breakbeat,Grim,Soudcloud,KOR,1,1,0,0,0,0,0,0,0,0,0,0,0,0,0,0,0,0,0,0,0,0,0,0,0,0,0,0
RM,RM,2015,06,Joke,,Hip-Hop,,,Soudcloud,KOR,1,1,0,0,0,0,0,0,0,0,0,0,0,0,0,0,0,0,0,0,0,0,0,0,0,0,0,0
RM,RM,2015,07,God Rap,,Hip-Hop,,,Soudcloud,KOR,1,1,0,0,0,0,0,0,0,0,0,0,0,0,0,0,0,0,0,0,0,0,0,0,0,0,0,0
RM,RM,2015,08,Rush,Krizz Kaliko,Hip-Hop,,,Soudcloud,KOR,1,1,0,0,0,0,0,0,0,0,0,0,0,0,0,0,0,0,0,0,0,0,0,0,0,0,0,0
RM,RM,2015,09,Life,,Hip-Hop,,,Soudcloud,KOR,1,1,0,0,0,0,0,0,0,0,0,0,0,0,0,0,0,0,0,0,0,0,0,0,0,0,0,0
RM,RM,2015,10,Adrift,,Hip-Hop,,,Soudcloud,KOR,1,1,0,0,0,0,0,0,0,0,0,0,0,0,0,0,0,0,0,0,0,0,0,0,0,0,0,0
RM,RM,2015,11,I Believe,,Hip-Hop,,,Soudcloud,KOR,1,1,0,0,0,0,0,0,0,0,0,0,0,0,0,0,0,0,0,0,0,0,0,0,0,0,0,0
,,,,,,,,,,,,,,,,,,,,,,,,,,,,,,,,,,,,,,
RM,mono.,2018,01,tokyo,,Hip-Hop,,,Soudcloud,ENG,1,1,1,1,0,0,0,0,0,0,0,0,0,0,0,0,0,0,0,0,0,0,0,0,0,0,0,0
RM,mono.,2018,02,seoul (prod. HONNE),,Hip-Hop,,,Soudcloud,KOR,1,1,1,1,0,0,0,0,0,0,0,0,0,0,0,0,0,0,0,0,0,0,0,0,0,0,0,0
RM,mono.,2018,03,moonchild,,Alternative R&B,,,Soudcloud,KOR,1,1,1,1,0,0,0,0,0,0,0,0,0,0,0,0,0,0,0,0,0,0,0,0,0,0,0,0
RM,mono.,2018,04,badbye,eAeon,Hip-Hop,Indie,,Soudcloud,ENG,1,1,1,1,0,0,0,0,0,0,0,0,0,0,0,0,0,0,0,0,0,0,0,0,0,0,0,0
RM,mono.,2018,05,uhgood,,Hip-Hop,,,Soudcloud,KOR,1,1,1,1,0,0,0,0,0,0,0,0,0,0,0,0,0,0,0,0,0,0,0,0,0,0,0,0
RM,mono.,2018,06,everythingoes,Nell,Indie-Rock,,,Soudcloud,KOR,1,1,1,1,0,0,0,0,0,0,0,0,0,0,0,0,0,0,0,0,0,0,0,0,0,0,0,0
RM,mono.,2018,07,forever rain,,Hip-Hop,,,Soudcloud,KOR,1,1,1,1,0,0,0,0,0,0,0,0,0,0,0,0,0,0,0,0,0,0,0,0,0,0,0,0
,,,,,,,,,,,,,,,,,,,,,,,,,,,,,,,,,,,,,,
Agust D,Agust D,2016,01,Intro ; Dt sugA, DJ Friz,Turntablism Hip-Hop,Hip-Hop,,Soudcloud,KOR,0,0,0,0,1,1,1,1,0,0,0,0,0,0,0,0,0,0,0,0,0,0,0,0,0,0,0,0
Agust D,Agust D,2016,02,Agust D,,Hip-Hop,Hardcore Hip-Hop,,Soudcloud,KOR,0,0,0,0,1,1,1,1,0,0,0,0,0,0,0,0,0,0,0,0,0,0,0,0,0,0,0,0
Agust D,Agust D,2016,03,give it to me,,Hip-Hop,Hardcore Hip-Hop,,Soudcloud,KOR,0,0,0,0,1,1,1,1,0,0,0,0,0,0,0,0,0,0,0,0,0,0,0,0,0,0,0,0
Agust D,Agust D,2016,04,Skit,,NONE,,,Soudcloud,KOR,0,0,0,0,1,1,-1,-1,0,0,0,0,0,0,0,0,0,0,0,0,0,0,0,0,0,0,0,0
Agust D,Agust D,2016,05,724148,,Hip-Hop,Hardcore Hip-Hop,,Soudcloud,KOR,0,0,0,0,1,1,1,1,0,0,0,0,0,0,0,0,0,0,0,0,0,0,0,0,0,0,0,0
Agust D,Agust D,2016,06,140503 at dawn,,Hip-Hop,Hardcore Hip-Hop,,Soudcloud,KOR,0,0,0,0,1,1,1,1,0,0,0,0,0,0,0,0,0,0,0,0,0,0,0,0,0,0,0,0
Agust D,Agust D,2016,07,The Last,,Hip-Hop,Hardcore Hip-Hop,,Soudcloud,KOR,0,0,0,0,1,1,1,1,0,0,0,0,0,0,0,0,0,0,0,0,0,0,0,0,0,0,0,0
Agust D,Agust D,2016,08,Tony Montana,Yankie,Hip-Hop,Hardcore Hip-Hop,,Soudcloud,KOR,0,0,0,0,1,1,1,1,0,0,0,0,0,0,0,0,0,0,0,0,0,0,0,0,0,0,0,0
Agust D,Agust D,2016,09,"Interlude_dream, Reality",,Hip-Hop,,,Soudcloud,KOR,0,0,0,0,1,1,1,1,0,0,0,0,0,0,0,0,0,0,0,0,0,0,0,0,0,0,0,0
Agust D,Agust D,2016,10,So Far Away,Suran,Hip-Hop,,,Soudcloud,KOR,0,0,0,0,1,1,1,1,0,0,0,0,0,0,0,0,0,0,0,0,0,0,0,0,0,0,0,0
,,,,,,,,,,,,,,,,,,,,,,,,,,,,,,,,,,,,,,
j-hope,Hope World,2018,01,Hope World,,Hip-Hop,Dance Pop,EDM,Soudcloud,KOR,0,0,0,0,0,0,0,0,1,1,0,0,0,0,0,0,0,0,0,0,0,0,0,0,0,0,0,0
j-hope,Hope World,2018,02,"P.O.P (Piece of Peace), Pt. 1",,Hip-Hop,Pop,,Soudcloud,KOR,0,0,0,0,0,0,0,0,1,1,1,1,0,0,0,0,0,0,0,0,0,0,0,0,0,0,0,0
j-hope,Hope World,2018,03,Daydream,,Hip-Hop,Dance Pop,Hip House,Soudcloud,KOR,0,0,0,0,0,0,0,0,1,1,0,0,0,0,0,0,0,0,0,0,0,0,0,0,0,0,0,0
j-hope,Hope World,2018,04,Base Line,,Hip-Hop,Trap,,Soudcloud,KOR,0,0,0,0,0,0,0,0,1,1,1,1,0,0,0,0,0,0,0,0,0,0,0,0,0,0,0,0
j-hope,Hope World,2018,05,HANGSANG,Supreme Boi,Hip-Hop,Trap,,Soudcloud,KOR,0,0,0,0,0,0,0,0,1,1,0,0,0,0,0,0,0,0,0,0,0,0,0,0,0,0,0,0
j-hope,Hope World,2018,06,Airplane,,Hip-Hop,,,Soudcloud,KOR,0,0,0,0,0,0,0,0,1,1,1,1,0,0,0,0,0,0,0,0,0,0,0,0,0,0,0,0
j-hope,Hope World,2018,07,Blue Side (Outro),,Hip-Hop,,,Soudcloud,KOR,0,0,0,0,0,0,0,0,1,1,0,0,0,0,0,0,0,0,0,0,0,0,0,0,0,0,0,0
j-hope,,2019,,Chicken Noodle Soup,Becky G,Latin Rap,Dance Pop,,SoundCloud,"ENG, KOR, SPN",0,0,0,0,0,0,0,0,1,1,0,0,0,0,0,0,0,0,0,0,0,0,0,0,0,0,0,0
j-hope,,2015,,1 Verse,,Hip-Hop,Trap,,SoundCloud,KOR,0,0,0,0,0,0,0,0,1,1,0,0,0,0,0,0,0,0,0,0,0,0,0,0,0,0,0,0
,,,,,,,,,,,,,,,,,,,,,,,,,,,,,,,,,,,,,,
,,,,,,,,,,,,,,,,,,,,,,,,,,,,,,,,,,,,,,
"Jin, RM, Suga",,2013,,어른아이 (Adult Child),,Hip-Hop,,,SoundCloud,KOR,1,1,1,0,1,1,1,0,0,0,0,0,1,0,0,0,0,0,0,0,0,0,0,0,0,0,0,0
Jin,,2019,,이 밤 (Tonight),,Ballad,,,SoundCloud,KOR,0,1,0,0,0,0,0,0,0,0,0,0,1,1,0,0,0,0,0,0,0,0,0,0,0,0,0,0
"Jimin, V",,2014,,95 Graduation,,Pop,,,SoundCloud,KOR,0,0,0,0,0,0,0,0,0,0,0,0,0,0,0,0,1,0,0,0,1,1,0,0,0,0,0,0
"Jimin, Jungkook",,2014,,Christmas Day,,R&B,Christmas,Pop,SoundCloud,KOR,0,0,0,0,0,0,0,0,0,0,0,0,0,0,0,0,1,1,0,0,0,0,0,0,1,0,0,0
Jimin,,2018,,Promise,,Folk,,,SoundCloud,KOR,0,1,0,0,0,0,0,0,0,0,0,0,0,0,0,0,1,1,1,0,0,0,0,0,0,0,0,0
"V, RM",,2017,,네시 (4 O'Clock),,Ballad,,,SoundCloud,KOR,1,1,1,1,0,0,0,0,0,0,0,0,0,0,0,0,0,0,0,0,1,1,1,1,0,0,0,0
V,,2019,,Scenery,,Ballad,,,SoundCloud,KOR,0,0,0,0,0,0,0,0,0,,0,0,0,0,0,0,0,0,0,0,1,1,1,0,0,0,0,0
V,,2019,,Winter Bear,,Indie Folk,,,SoundCloud,ENG,0,1,1,0,0,0,0,0,0,0,0,0,0,0,0,0,0,0,0,0,1,1,1,0,0,0,0,0
"RM, Jungkook",,2013,,Like a Star,,R&B,,,SoundCloud,KOR,1,1,0,0,0,0,0,0,0,0,0,0,0,0,0,0,0,0,0,0,0,0,0,0,1,0,0,0
"RM, Jungkook",,2016,,알아요 (I Know),,Electropop,Pop,,SoundCloud,KOR,1,1,1,1,0,0,0,0,0,0,0,0,0,0,0,0,0,0,0,0,0,0,0,0,1,0,0,0